{
  "target_rtp": 0.9655,
  "paytable_scale": 0.21952,
  "modes": {
    "base": {
      "cost": 1.0,
      "fair_cost": 1.0,
      "weighted_rtp": 0.9655,
      "rounds": 20000,
      "rtp_books": 1.9051,
      "hit_rate": 0.5753,
      "max": 1869.38,
      "p50": 0.0351,
      "p90": 1.1239,
      "p99": 8.0761
    },
    "bonus": {
      "cost": 70.0,
      "fair_cost": 153.43,
      "weighted_rtp": 0.965486,
      "rounds": 8000,
      "rtp_books": 143.4968,
      "hit_rate": 1.0,
      "max": 7225.18,
      "p50": 13.1185,
      "p90": 393.9768,
      "p99": 2100.5426
    },
    "bonus_vip": {
      "cost": 220.0,
      "fair_cost": 815.83,
      "weighted_rtp": 0.965501,
      "rounds": 8000,
      "rtp_books": 782.0193,
      "hit_rate": 1.0,
      "max": 8621.45,
      "p50": 505.9078,
      "p90": 1913.6411,
      "p99": 3873.5269
    }
  }
}