{
  "target_rtp": 0.9655,
  "paytable_scale": 0.21952,
  "modes": {
    "base": {
      "cost": 1.0,
      "fair_cost": 1.0,
      "weighted_rtp": 0.9655,
      "rounds": 20000,
      "rtp_books": 0.9691,
      "hit_rate": 0.5753,
      "max": 2594.77,
      "p50": 0.0351,
      "p90": 1.1239,
      "p99": 7.2639
    },
    "bonus": {
      "cost": 70.0,
      "fair_cost": 53.36,
      "weighted_rtp": 0.965433,
      "rounds": 8000,
      "rtp_books": 53.8324,
      "hit_rate": 1.0,
      "max": 7134.7,
      "p50": 8.5635,
      "p90": 44.2113,
      "p99": 1259.9542
    },
    "bonus_vip": {
      "cost": 220.0,
      "fair_cost": 151.78,
      "weighted_rtp": 0.965497,
      "rounds": 8000,
      "rtp_books": 142.6608,
      "hit_rate": 1.0,
      "max": 9454.64,
      "p50": 31.2377,
      "p90": 309.398,
      "p99": 2015.6545
    }
  }
}