{
  "target_rtp": 0.9655,
  "paytable_scale": 0.31602,
  "modes": {
    "base": {
      "cost": 1.0,
      "fair_cost": 1.0,
      "weighted_rtp": 0.9655,
      "rounds": 20000,
      "rtp_books": 0.8868,
      "hit_rate": 0.5738,
      "max": 1269.56,
      "p50": 0.0506,
      "p90": 1.6307,
      "p99": 8.7411
    },
    "bonus": {
      "cost": 70.0,
      "fair_cost": 79.32,
      "weighted_rtp": 0.965477,
      "rounds": 8000,
      "rtp_books": 76.5816,
      "hit_rate": 1.0,
      "max": 9247.9,
      "p50": 12.941,
      "p90": 67.4639,
      "p99": 1586.7997
    },
    "bonus_vip": {
      "cost": 220.0,
      "fair_cost": 220.99,
      "weighted_rtp": 0.965497,
      "rounds": 8000,
      "rtp_books": 213.3651,
      "hit_rate": 1.0,
      "max": 11805.93,
      "p50": 49.9501,
      "p90": 497.4725,
      "p99": 2805.4422
    }
  }
}