{
  "target_rtp": 0.9655,
  "paytable_scale": 0.31602,
  "modes": {
    "base": {
      "cost": 1.0,
      "fair_cost": 1.0,
      "weighted_rtp": 0.9655,
      "rounds": 20000,
      "rtp_books": 1.0026,
      "hit_rate": 0.5767,
      "max": 1191.65,
      "p50": 0.0506,
      "p90": 1.6275,
      "p99": 9.4806
    },
    "bonus": {
      "cost": 70.0,
      "fair_cost": 69.98,
      "weighted_rtp": 0.965568,
      "rounds": 8000,
      "rtp_books": 67.5705,
      "hit_rate": 1.0,
      "max": 15000.0,
      "p50": 13.3202,
      "p90": 64.1204,
      "p99": 1339.8361
    },
    "bonus_vip": {
      "cost": 220.0,
      "fair_cost": 233.73,
      "weighted_rtp": 0.965496,
      "rounds": 8000,
      "rtp_books": 225.6654,
      "hit_rate": 1.0,
      "max": 15000.0,
      "p50": 51.5681,
      "p90": 549.6598,
      "p99": 2909.9182
    }
  }
}